project_id,team_size,planned_duration_days,sprint_velocity,tasks_completed_pct,scope_changes,bugs_open,team_availability_pct,days_elapsed,stakeholder_changes,delayed,velocity_trend,scope_risk,team_pressure,completion_gap,bug_density,risk_score,risk_level
1,9,35,1.089917686854633,61.97302484811634,3,2,64.35673367386926,109,1,1,0.568559860991893,6,0.9629610036172365,-2.494555465804551,0.2222222222222222,0.789269662118927,High
2,17,138,0.8922440450997323,31.64301844480344,1,40,65.95967423880779,20,3,1,1.5821509222401722,40,0.4797327884040105,0.17150264821615033,2.3529411764705883,0.8994017779606015,High
3,13,145,0.9374749220237292,33.644609787145335,5,41,81.06495189075838,61,1,1,0.5515509801171367,205,0.4150327484618036,-0.08424355730096045,3.1538461538461537,0.9555000000000002,High
4,10,123,1.4041586944937483,84.63392157601379,4,13,69.84278635191993,24,2,1,3.5264133990005746,52,1.2117775649666254,0.6512172645406258,1.3,0.7981780746025312,High
5,9,76,0.8482554670233003,90.95865966002243,4,10,79.06781900164637,92,0,0,0.9886810832611134,40,1.1503878671312342,-0.30093971918924933,1.1111111111111112,0.07914140542360708,Low
6,13,128,1.013989489159811,47.99819872098147,3,17,75.774612952734,16,0,0,2.999887420061342,51,0.6334337695782273,0.3549819872098147,1.3076923076923077,0.07176257552520178,Low
7,13,84,1.283653012741143,40.30585048576653,6,11,81.97656953721813,37,3,1,1.0893473104261224,66,0.4916752520056026,-0.03741768561852521,0.8461538461538461,0.7689564809110958,High
8,6,81,0.8965427823212702,68.29996574292619,1,22,89.8750286454329,60,0,0,1.1383327623821031,22,0.7599437437998182,-0.05774108331147876,3.6666666666666665,0.058115316357643214,Low
9,10,173,1.1220867002278734,50.65506283235723,7,11,88.61963628397098,116,3,1,0.4366815761410106,77,0.5716008884310828,-0.1639696028903005,1.1,0.8336837250440192,High
10,5,42,1.362363708746745,21.903976674525865,4,12,80.84936529941338,67,3,0,0.32692502499292336,48,0.2709232978318111,-1.3761983284928367,2.4,0.17710291434630077,Low
11,4,143,1.449520623657642,31.71144480246428,5,24,92.89573675268232,14,3,1,2.26510320017602,120,0.3413659863303536,0.21921235012254486,6.0,0.7937369991119988,High
12,14,153,0.6470734809290379,73.69791716355482,2,44,77.23448366152134,14,0,1,5.264136940253915,88,0.954210006588955,0.6454759036616919,3.142857142857143,0.7831455558330553,High
13,8,135,1.4265876251614944,69.41929564326135,0,18,95.8685715936049,103,3,1,0.6739737441093335,0,0.7241090014101358,-0.06877000653034948,2.25,0.1836653813118877,Low
14,4,176,0.9921162930795382,22.03219943776126,0,45,62.85121080220656,105,0,1,0.20983047083582151,0,0.35054534600927306,-0.3762689147132965,11.25,0.8883777264402265,High
15,3,174,0.7582443882989583,36.64791214497121,0,35,98.1864012013323,17,3,1,2.155759537939483,0,0.37324834902365206,0.2687779720244247,11.666666666666666,0.7076165416283069,High
16,14,149,0.9591357562382612,37.33060974410536,7,44,86.18772325725394,73,4,1,0.5113782156726762,308,0.4331314058810975,-0.1166267884649867,3.142857142857143,0.869752367794744,High
17,14,92,1.480032575285477,70.39195576990463,6,7,75.20298035748822,19,3,1,3.7048397773634014,42,0.9360261446459477,0.4973978185686114,0.5,0.5809670230912878,Medium
18,19,48,0.9926180939928696,21.478290331577316,1,28,67.8861650629151,47,1,1,0.45698490067185776,28,0.31638685602098465,-0.7643837633508934,1.4736842105263157,0.8373849021349021,High
19,12,121,0.8287516102875082,27.80814364884304,3,31,79.167329177744,105,3,1,0.26483946332231467,93,0.35125782235761766,-0.589687158552892,2.5833333333333335,0.6603261726300522,High
20,18,87,1.1334008543167258,79.9937064029892,7,43,67.78233292741204,101,2,1,0.792016895079101,301,1.1801556976307424,-0.360982476199993,2.388888888888889,0.7311329202488258,High
21,17,119,0.7401456187781931,33.39084965407502,7,17,66.65326430972569,90,3,1,0.3710094406008336,119,0.5009634561769364,-0.4223940244676532,1.0,0.9460598845598842,High
22,17,146,0.5758633281086639,68.95595808889061,4,5,84.69407029651897,104,1,1,0.6630380585470251,20,0.8141769293584746,-0.02276918623438151,0.29411764705882354,0.8376316183816184,High
23,14,91,0.6288797219106492,37.863708578504486,2,17,80.9233889832714,17,1,1,2.2272769752061463,34,0.46789573514193444,0.19182389897185803,1.2142857142857142,0.8710896894324311,High
24,5,52,0.6280458389577724,27.458104456950885,7,18,86.80384138443767,113,0,1,0.24299207484027333,126,0.31632360986588337,-1.898495878507414,3.6,0.9019417249417249,High
25,7,156,0.6519026935122944,38.23791432495906,5,21,97.18423509687958,34,4,1,1.124644538969384,105,0.3934579953923701,0.1644304253008726,3.0,0.9270761183261185,High
26,9,166,0.6388271726494101,74.17001988917443,2,36,81.2904085335616,82,3,1,0.9045124376728588,72,0.9124080100858707,0.2477242952772864,4.0,0.837748424369748,High
27,11,169,1.1408747448032146,84.17723510797143,5,31,83.23728213051191,75,0,1,1.1223631347729524,155,1.01129245157219,0.39798536883119356,2.8181818181818183,0.8669439073997899,High
28,9,158,0.6818800843991448,82.26648984252438,6,40,63.585053566197686,88,4,1,0.9348464754832316,240,1.2938023203342537,0.26570287310878815,4.444444444444445,0.6143433094683093,Medium
29,6,87,0.8456672833238632,49.78876472138411,1,2,88.70543143634518,59,3,0,0.8438773681590528,2,0.5612820310457812,-0.18027327232638873,0.3333333333333333,0.05195042907590168,Low
30,16,151,1.3967884099060115,70.10638524279847,0,27,75.99620827216624,76,2,0,0.922452437405243,0,0.9224984619196464,0.19775259414983892,1.6875,0.057082778295791954,Low
31,11,30,0.9739616402628724,35.37382215618658,7,9,99.06900954650315,58,3,1,0.6098934854514927,63,0.35706243877992994,-1.5795951117714675,0.8181818181818182,0.8152840675120087,High
32,4,63,1.1675577385210272,41.986079769576,1,34,92.9269606238264,45,1,1,0.9330239948794667,34,0.45181806752012504,-0.2944249165899543,8.5,0.7687852659147729,High
33,17,125,0.6723198712016298,87.22518638908399,6,28,80.89924162064473,77,1,1,1.1327946284296622,168,1.078195353154274,0.25625186389083987,1.6470588235294117,0.9220612373737375,High
34,9,155,0.6922890188086708,20.975144263305204,3,14,64.92890616688665,87,2,1,0.2410936122218989,42,0.3230478611389637,-0.35153887994759314,1.5555555555555556,0.8801372585747589,High
35,14,147,0.5408686162664789,26.413139814085103,3,32,94.37663173122355,114,0,1,0.23169420889548337,96,0.27986949024952945,-0.5113788059407816,2.2857142857142856,0.9298370795870798,High
36,10,77,0.6689350630721645,35.59146913595205,6,6,91.99124381696086,50,4,1,0.7118293827190411,36,0.38690061857158936,-0.2934359579911288,0.6,0.9223175158175156,High
37,17,118,0.7785903390319586,21.98991529053648,5,11,67.38340518148132,98,3,1,0.22438689071976,55,0.3263402202858675,-0.6106093216709064,0.6470588235294118,0.8240375180375179,High
38,5,146,0.6770104842767468,33.6076576317348,4,48,71.8111315688124,71,1,1,0.4733472905878141,192,0.4680006692211855,-0.15022479354566565,9.6,0.8170798466883993,High
39,16,158,0.5887025337570556,63.72811707272691,4,29,91.7362903259135,19,0,1,3.354111424880364,116,0.6946881855187151,0.5170280061703071,1.8125,0.9025863095238097,High
40,19,45,0.6206358711006008,51.60684129443735,5,20,67.40913786189638,30,2,1,1.7202280431479118,100,0.7655763436726667,-0.15059825372229307,1.0526315789473684,0.8748980394605396,High
41,6,98,0.9607787680327258,86.95037833077312,3,30,96.71009956685508,45,1,0,1.932230629572736,90,0.8990827092538032,0.4103201098383434,5.0,0.239923799108242,Low
42,10,51,0.7063337184057925,81.30826713038306,3,23,76.98109700785447,21,2,0,3.871822244303955,69,1.056210813962382,0.4013179654214777,2.3,0.6250861035765061,Medium
43,6,122,0.8642698610480755,45.6363013773407,7,19,63.48155850350635,100,3,1,0.456363013773407,133,0.7188906897240089,-0.363309117374134,3.1666666666666665,0.850168316160963,High
44,4,105,1.003417270854857,39.456757507346936,3,36,92.62994574017124,113,4,1,0.3491748451977605,108,0.4259611423936692,-0.6816229011170067,9.0,0.826578726828727,High
45,8,173,1.1903948286293653,48.47693061254502,1,3,74.9403873215355,11,1,0,4.406993692049547,3,0.6468732327810411,0.42118549109654846,0.375,0.06801238941592462,Low
46,12,115,0.5393121398410989,64.27212068861058,3,27,81.05996776615123,22,1,1,2.921460031300481,81,0.792895956658018,0.45141685906001894,2.25,0.8147161867286479,High
47,6,58,1.2994103989090426,40.10477306171572,2,43,64.49217377644877,62,3,1,0.6468511784147697,86,0.6218548811943003,-0.6679177866242221,7.166666666666667,0.8866078851703852,High
48,14,98,1.127900389490908,66.81116808868505,7,19,60.103360593799295,41,0,1,1.6295406850898793,133,1.1116045330679527,0.24974433394807494,1.3571428571428572,0.8632774153950623,High
49,4,76,0.5817590319488719,50.70587391434303,0,23,85.5194082317319,104,4,1,0.4875564799456061,0,0.5929165666926196,-0.8613623134881487,5.75,0.725143684048926,High
50,12,123,1.3735786241067771,61.40353856389852,3,49,80.60700681334927,25,1,1,2.4561415425559407,147,0.7617642806919054,0.41078335311866,4.083333333333333,0.764870669234446,High
51,6,173,1.4208724005318132,52.70948968514875,5,48,83.7415427649259,41,4,1,1.285597309393872,240,0.629430602121955,0.2901006771983084,8.0,0.6908251977425739,High
52,16,114,0.5610779598548638,42.08493196564383,0,31,91.74975401522065,41,1,1,1.0264617552596056,0,0.4586925863437436,0.061200196849420796,1.9375,0.8313341879894299,High
53,18,68,0.7768776481472037,91.13399802216176,1,40,85.8642365369144,107,4,1,0.8517196076837548,40,1.0613731828033177,-0.6621894315430882,2.2222222222222223,0.6766573565323565,High
54,17,129,1.306201279793061,77.27043456198206,5,35,66.9909377130951,20,2,1,3.8635217280991028,175,1.1534460809148754,0.6176655859298981,2.0588235294117645,0.8219121572871572,High
55,10,62,1.2482596903836582,30.50848818248394,0,33,74.430900764424,19,1,1,1.60570990434126,0,0.40989008421440726,-0.0013667310783864184,3.3,0.7256232890027955,High
56,16,130,0.6845210193563773,85.13509819234346,5,35,96.23564419151042,24,4,1,3.547295758014311,175,0.8846524477242892,0.66673559730805,2.1875,0.8091136016761017,High
57,10,52,0.7093493233367103,56.55733986871353,1,1,90.79778801006717,26,0,1,2.175282302642828,1,0.6228933667683926,0.0655733986871353,0.1,0.5334749120859646,Medium
58,18,39,0.870472102791382,87.09141701705686,7,14,82.2654823174687,49,2,1,1.7773758574909562,98,1.0586629357008388,-0.3854960862396878,0.7777777777777778,0.8715790957408608,High
59,15,98,0.9845229851910212,79.98914419604864,2,33,70.22579991237089,27,2,1,2.9625608961499497,66,1.1390278828558826,0.5243812378788538,2.2,0.8469359557109557,High
60,17,129,1.118254771530296,51.89101283519251,1,35,72.0824200733918,64,0,1,0.810797075549883,35,0.7198844431465938,0.02278609734417314,2.0588235294117645,0.8053459249084252,High
61,15,63,0.8689136395697724,21.685198124008807,1,5,89.27832270342537,82,4,1,0.264453635658644,5,0.24289432717105475,-1.0847353203472136,0.3333333333333333,0.3222215913886076,Low
62,11,167,0.962534716133148,40.15080195387095,5,38,94.04697043411085,34,3,1,1.180905939819734,190,0.42692286384706607,0.19791520516745204,3.4545454545454546,0.8137605788819026,High
63,17,176,1.2474709381337563,60.62256609956502,7,41,86.85698678122458,113,0,1,0.5364828858368585,287,0.6979584296685444,-0.03581979354980436,2.411764705882353,0.8295201110164345,High
64,15,125,0.5366832028905979,67.51086648696105,6,11,92.38119903073766,68,4,1,0.9928068601023684,66,0.7307857788736689,0.13110866486961048,0.7333333333333333,0.9030543234543233,High
65,3,30,0.7524369443440208,39.34157640749017,4,2,90.66624540801624,87,0,0,0.45220202767230083,8,0.43391646174874904,-2.5065842359250983,0.6666666666666666,0.1781995311312784,Low
66,9,98,1.2133495858845524,30.45170555546181,3,44,65.98815871827831,98,0,1,0.31073168934144707,132,0.4614722724037286,-0.6954829444453818,4.888888888888889,0.937622023809524,High
67,11,33,1.395206837687199,82.61976775994744,3,17,76.95779251653208,31,1,0,2.6651537987079816,51,1.0735724747068212,-0.11319626179446507,1.5454545454545454,0.1477007890069255,Low
68,3,45,1.011677442115666,93.8301635527664,2,39,66.1193520331425,39,4,1,2.405901629558113,78,1.4191028899638,0.07163496886099718,13.0,0.8712715687090686,High
69,14,53,1.0321134852653158,59.42676367270144,2,20,69.40942339207939,93,3,1,0.638997458846252,40,0.856177169734029,-1.1604493444050612,1.4285714285714286,0.852438260459584,High
70,10,109,0.607172011339776,32.87594643862276,3,14,94.7703849860421,94,1,1,0.3497441110491783,42,0.3469010539892264,-0.5336258567146899,1.4,0.8569585774888195,High
71,13,31,0.9474123668234546,40.42304948895267,4,32,78.91567862532729,53,0,1,0.7626990469613711,128,0.5122309051015276,-1.305446924465312,2.4615384615384617,0.801915646853147,High
72,19,157,1.032617266455023,21.379300741060007,3,34,81.41432407370644,41,0,1,0.521446359538049,102,0.2625987623714076,-0.04735348940468656,1.7894736842105263,0.9027833694083696,High
73,10,113,0.7424705036347297,88.57241049203742,6,25,67.13783860911089,60,0,1,1.476206841533957,150,1.3192621676089789,0.35475065359294056,2.5,0.9048234445293268,High
74,5,169,0.769243230949381,28.831331216760585,4,7,72.49087144195184,55,4,1,0.5242060221229198,28,0.3977236118598424,-0.037130474814642656,1.4,0.39430240083724416,Medium
75,5,153,0.8772841631046226,63.23873566356902,2,35,69.2098467371148,30,4,1,2.1079578554523004,70,0.9137245441934538,0.43630892526314113,7.0,0.885600805240511,High
76,3,62,0.5200711977777264,40.55414155154045,0,47,68.24744658073706,108,1,1,0.37550131066241155,0,0.5942221076881565,-1.3363940683555633,15.666666666666666,0.8165269660894663,High
77,7,130,0.8220791655831783,61.5633501886845,5,29,85.5184317326388,41,3,1,1.5015451265532807,145,0.7198839939108512,0.3002488865022297,4.142857142857143,0.8740016233766232,High
78,12,41,0.7114480069965446,68.85652912638982,6,22,70.2753539058286,103,1,1,0.6685099915183478,132,0.9798104925755329,-1.8236298306873213,1.8333333333333333,0.9221436549561549,High
79,9,96,0.8274973521779146,82.23063527804013,6,41,85.28061944081674,48,2,1,1.7131382349591693,246,0.9642359051473207,0.3223063527804012,4.555555555555555,0.635386972912708,Medium
80,11,94,0.6197621318192512,35.48159538204524,7,43,62.33818456434216,21,0,0,1.6895997800973925,301,0.5691791576866186,0.13141169850130352,3.909090909090909,0.4487837298150765,Medium
81,9,103,1.390527280739895,20.82468714938604,2,13,65.67097574108408,114,0,1,0.18267269429286,26,0.31710640681645935,-0.898549245010994,1.4444444444444444,0.8851929312517548,High
82,11,72,1.0935924535540489,30.266422255160546,2,13,70.98161016000502,56,0,1,0.5404718259850098,26,0.4263980795439088,-0.4751135552261723,1.1818181818181819,0.8333954170829169,High
83,10,73,1.1791023191444896,87.50139813860788,1,1,83.88187667582767,27,1,1,3.2407925236521438,1,1.0431502203600942,0.5051509676874486,0.1,0.16477143306731407,Low
84,14,58,1.2891712386073384,85.54175581718864,6,36,87.03364980349504,30,1,1,2.8513918605729547,216,0.982858423268761,0.3381761788615416,2.5714285714285716,0.7114349674018788,High
85,4,170,0.9984421989290572,64.80598266277312,1,4,77.70867867118108,22,0,0,2.945726484671505,4,0.8339606820107593,0.5186480619218489,1.0,0.03591504670016085,Low
86,3,41,0.5869202880874237,65.038764532524,1,37,77.83163658308916,30,1,1,2.1679588177508,37,0.8356340350506681,-0.08131967174793076,12.333333333333334,0.8666687687312689,High
87,18,124,1.037106541818548,69.87775059096916,5,44,88.98067405594472,17,4,1,4.110455917115833,220,0.7853137923751285,0.5616807317161432,2.4444444444444446,0.7816308581769108,High
88,7,75,1.086841118020879,33.15284589675872,1,40,60.632843670623295,55,4,1,0.602779016304704,40,0.546780323826727,-0.4018048743657461,5.714285714285714,0.9478095605375018,High
89,5,159,1.24543947418433,88.58089594437199,4,46,73.64360097896882,113,1,0,0.7839017340209911,184,1.2028322185069273,0.17511713554434882,9.2,0.42213277320804415,Medium
90,14,64,0.9316595462296794,51.40778936690548,3,13,92.74828228476932,119,0,0,0.4319982299739957,39,0.5542721449985002,-1.3452971063309451,0.9285714285714286,0.22729080206439964,Low
91,10,110,0.6275803027955638,48.735389618712304,0,38,84.12877640853489,16,1,1,3.045961851169519,0,0.5792951199248404,0.3418993507325776,3.8,0.8061185868869692,High
92,5,119,0.7837759057987245,58.91882789621282,2,24,73.48908531021681,32,1,0,1.8412133717566506,48,0.801735763174911,0.32028071593691815,4.8,0.09363883732473725,Low
93,3,37,0.8630822963986351,23.52244750812913,4,19,96.22099169318696,117,1,0,0.20104655989853956,76,0.2444627424245791,-2.926937687080871,6.333333333333333,0.22098181468180145,Low
94,5,122,1.1459172413316012,32.47125265670596,0,1,90.9049090979753,105,2,0,0.3092500253019615,0,0.3572002104056796,-0.5359432111378584,0.2,0.1343471573581667,Low
95,7,119,1.070778304668912,75.35252123197779,6,38,70.59581788946934,84,4,1,0.8970538241902117,228,1.0673793927843704,0.047642859378601354,5.428571428571429,0.8359317235052529,High
96,17,144,0.8560967258978462,26.209900094384487,6,5,85.81159350102868,95,3,1,0.2758936852040472,30,0.3054354199129316,-0.39762322127837735,0.29411764705882354,0.7991761743440242,High
97,16,134,1.4865152487929798,65.23640820997912,6,16,83.83002912755828,31,3,1,2.104400264838036,96,0.7781985630795076,0.4210207985177016,1.0,0.8156216712209361,High
98,5,164,1.105774819356887,38.40118322609907,4,24,76.0475165615593,116,2,0,0.33104468298361267,96,0.5049630147358448,-0.32330524090974094,4.8,0.5586229892828191,Medium
99,3,87,0.7372267917359945,49.19717105314824,4,27,74.67824316819203,98,1,1,0.5020119495219209,108,0.6587885435701166,-0.634465071077713,9.0,0.7478996975246974,High
100,7,143,0.6017824726204037,41.652030257802494,2,1,73.74241899102816,31,2,1,1.3436138792839514,2,0.5648313525336085,0.19973708579480814,0.14285714285714285,0.7742745615495613,High
101,16,104,0.652859139184332,46.67545373487118,3,34,84.68623133582588,101,2,1,0.4621332052957543,102,0.551157525829414,-0.5043993088051343,2.125,0.9610166222666223,High
102,9,149,0.7459577283845081,73.92844288881841,7,36,77.69639745922677,38,0,0,1.9454853391794318,252,0.951504127686413,0.48425087184120424,4.0,0.443387749097308,Medium
103,11,50,0.6606813732595557,42.28412867173813,1,4,93.27452453005688,22,4,1,1.9220058487153695,4,0.4533298763491681,-0.0171587132826187,0.36363636363636365,0.7441018870018872,High
104,17,167,0.6865670240513058,62.480348022267286,6,0,86.78410464535847,91,3,1,0.6865972310139262,0,0.719951519665865,0.07989330058195432,0.0,0.9178038628038624,High
105,17,130,0.7850951686938471,55.70378016493248,5,39,62.797264228377365,11,1,1,5.063980014993862,195,0.8870415112727249,0.47242241703394017,2.2941176470588234,0.8014113966099259,High
106,12,128,0.6733735952947548,69.7753374021986,3,11,85.60672895312663,38,3,1,1.8361930895315421,33,0.8150683743611277,0.400878374021986,0.9166666666666666,0.8132748646778061,High
107,15,65,1.3967654246264252,90.26223044935684,5,35,70.8458974600074,94,3,1,0.960236494142094,175,1.2740643239124747,-0.5435315416602777,2.3333333333333335,0.8457739205239204,High
108,9,125,0.5802337456616422,74.94290729076877,2,44,83.71247966613691,88,4,1,0.8516239464860088,88,0.895241755944358,0.04542907290768772,4.888888888888889,0.8672879967254965,High
109,19,66,1.024511389570255,36.12052839430676,2,22,87.20527724413806,61,3,0,0.5921398097427337,44,0.4142011760731462,-0.5630371402993566,1.1578947368421053,0.24252587860101915,Low
110,6,41,0.9103968269896616,22.33873512959635,2,46,69.23316756616049,36,3,1,0.6205204202665653,92,0.32265944076947,-0.6546614291918413,7.666666666666667,0.918950937950938,High
111,7,142,1.4823786169086064,39.669803322486885,0,30,78.27434579521474,59,2,1,0.6723695478387608,0,0.5068046614694552,-0.018794924521610024,4.285714285714286,0.3777723325518393,Medium
112,9,42,0.6120389021680523,64.6308448025191,5,10,67.61299451276271,104,4,1,0.621450430793453,50,0.9558938376900215,-1.8298820281652852,1.1111111111111112,0.7453087148962151,High
113,15,52,0.8978555990457416,23.856936011318776,3,9,62.09355503146033,88,0,1,0.2711015455831679,27,0.3842095367100727,-1.4537383321945045,0.6,0.8102721110588758,High
114,17,128,1.4694704332753687,57.22746854009272,7,2,75.13905693943477,32,1,1,1.7883583918778976,14,0.7616207984380275,0.3222746854009272,0.11764705882352941,0.6784464318361378,High
115,13,134,1.3655071258939802,64.7632136687667,3,13,74.51777087383968,97,3,0,0.6676619965852236,39,0.8690975710802236,-0.0762484603272584,1.0,0.0899196529211992,Low
116,6,59,1.3170720709492798,45.06829181127206,4,15,99.81921962817027,53,1,0,0.8503451285145672,60,0.4514991399367062,-0.44762216663304216,2.5,0.15994774269762652,Low
117,15,46,0.7579028270449398,77.81841528093665,4,9,77.85409404790569,86,0,0,0.9048652939643796,36,0.9995417226620467,-1.091381064581938,0.6,0.17857173166148813,Low
118,9,142,0.6708875873900658,27.994868985032884,6,28,73.34278197888801,31,1,1,0.9030602898397705,168,0.3816990333567018,0.06163883069539927,3.111111111111111,0.958954365079365,High
119,4,91,1.168643219924431,25.635333630185656,7,9,83.21900026866699,52,0,1,0.492987185195878,63,0.30804664256268033,-0.3150752351267148,2.25,0.697228387489417,High
120,12,113,1.429375989127586,74.61415671527024,4,11,63.55069576431074,46,2,1,1.6220468851145704,44,1.1740887462820289,0.3390619211350033,0.9166666666666666,0.8159737025856595,High
121,15,141,1.05676289301393,57.161848715464885,2,29,98.46662943819253,70,3,0,0.8165978387923555,58,0.580520010094845,0.07516458644542895,1.9333333333333333,0.1271462876344361,Low
122,8,115,1.0716126894698998,71.6301797320802,3,40,85.39840182364132,106,0,1,0.6757564125667943,120,0.8387765836649463,-0.2054373331139807,5.0,0.8674848207348209,High
123,14,170,0.7799790936602842,52.61205039528097,5,0,90.19351279763391,65,1,1,0.8094161599273995,0,0.5833241079469428,0.14376756277633906,0.0,0.7129964017376398,High
124,14,48,1.269492933191937,38.480152492933016,2,4,66.8191175269567,12,3,1,3.2066793744110846,8,0.5758853740833834,0.13480152492933017,0.2857142857142857,0.8069726936000912,High
125,13,129,0.6870437485575234,81.43267382556498,0,19,76.37911412020816,72,2,1,1.1310093586884025,0,1.0661641570940892,0.2561872033719288,1.4615384615384615,0.7352187664459723,High
126,9,169,0.8236792364042437,79.95619092267344,4,7,76.90756453584758,28,3,0,2.8555782472383373,28,1.0396401368997306,0.6338814358539533,0.7777777777777778,0.08460130076177086,Low
127,3,176,0.9254364386164168,72.10223531408201,2,42,92.87225775604348,32,0,1,2.2531948535650628,84,0.7763592385519463,0.5392041713226383,14.0,0.659319161230926,High
128,3,105,1.007610378684455,40.4108852922472,2,11,60.049467190376376,38,2,1,1.063444349795979,22,0.6729599309204781,0.04220409101771011,3.6666666666666665,0.7896631190446978,High
129,15,38,0.7424097324150802,64.26730001518153,0,0,72.0341243341302,39,1,0,1.6478794875687572,0,0.8921785418960289,-0.383642789321869,0.0,0.258597573793226,Low
130,11,57,0.6148368247392035,47.073042270502015,1,19,99.24945497377216,48,2,1,0.9806883806354586,19,0.47429018409160656,-0.37137484045287456,1.7272727272727273,0.8268631104558524,High
131,5,157,1.1106200424416326,26.86865549949756,3,27,78.99546174024874,117,2,0,0.22964662820083384,81,0.340129102452069,-0.47653637494133005,5.4,0.21325952769656098,Low
132,9,81,0.7886305532402558,88.7985181596682,5,42,75.30105120976033,34,4,1,2.6117211223431824,210,1.1792467267463376,0.468232095176929,4.666666666666667,0.6610110510404625,High
133,8,112,1.0812382214226122,30.261397318922107,6,36,64.79316008070586,110,2,0,0.27510361199020095,216,0.4670461709419442,-0.679528883953636,4.5,0.8383722649899119,High
134,10,140,0.6543627152742023,91.2678015365602,1,46,98.96658514512065,17,2,0,5.368694208032953,46,0.9222082524392323,0.7912494439370306,4.6,0.5112443817147764,Medium
135,11,173,0.9811401018548176,53.45043297184668,4,36,60.80105423703298,115,3,1,0.464786373668232,144,0.8791037201998193,-0.1302355546745967,3.272727272727273,0.9384330808080809,High
136,7,146,1.032589432551586,33.884969662896474,2,11,89.48720900028972,67,1,0,0.5057458158641265,22,0.3786571292304665,-0.12005441296007635,1.5714285714285714,0.10966527288720672,Low
137,3,98,0.5518235368224269,60.64257105337686,7,36,90.74399219154034,25,3,1,2.4257028421350744,252,0.6682819389891279,0.35132366971744206,12.0,0.6839072487969546,High
138,12,128,0.8366042781939206,85.47093769073062,0,48,69.74626864255467,81,3,1,1.0551967616139584,0,1.2254553448409393,0.2218968769073062,4.0,0.8862723190552138,High
139,14,169,0.6344146769389742,74.91686648071709,0,48,86.86233774452148,10,0,1,7.491686648071709,0,0.8624781283352254,0.6899970671740349,3.4285714285714284,0.7321438849892796,High
140,17,54,0.5633749704727677,80.49208608960873,7,43,63.7171657751756,117,3,1,0.6879665477744337,301,1.263271602092645,-1.3617458057705791,2.5294117647058822,0.6255220503181033,Medium
141,11,152,1.4899602323899452,69.4087525033038,3,27,70.2818906572832,14,4,1,4.957768035950272,81,0.9875766268406595,0.6019822618751434,2.4545454545454546,0.8411715924151278,High
142,19,82,0.822353844974723,71.92074233883893,1,46,91.5160795316906,12,4,1,5.993395194903244,46,0.7858809370645505,0.5728659599737552,2.4210526315789473,0.5804614725917356,Medium
143,19,173,1.3098744458546348,83.68967386739894,6,14,94.58744768134162,74,0,1,1.1309415387486343,84,0.8847862577848965,0.409151073934105,0.7368421052631579,0.7686038082569522,High
144,14,86,0.7546406547637639,38.72510066443894,3,5,84.33945650639166,13,1,0,2.9788538972645338,15,0.45915757900934734,0.23608821594671497,0.35714285714285715,0.09069830409034547,Low
145,9,68,1.1815027222239292,56.70687227323553,7,43,80.27353727281931,113,1,1,0.5018307280817303,301,0.706420499205241,-1.0946959831499976,4.777777777777778,0.7808898414322175,High
146,4,138,1.2602278598896866,36.59070813647017,2,19,66.3721608247592,108,3,1,0.33880285311546454,38,0.5512960205270357,-0.41670161428747227,4.75,0.8271987965737965,High
147,5,71,1.0956387406078445,94.07510059974852,7,49,62.524361323166005,105,3,1,0.895953339045224,343,1.5046151389457312,-0.5381222334391345,9.8,0.44990616484908275,Medium
148,19,171,0.9715761885501584,90.804450476496,3,13,64.70596113894234,73,3,1,1.2438965818698082,39,1.4033397986549134,0.4811439199696384,0.6842105263157895,0.7656827154327156,High
149,7,151,0.9118409141472684,22.957010852637943,5,1,69.09429200384395,115,1,1,0.19962618132728646,5,0.3322562571646406,-0.5320192954471306,0.14285714285714285,0.8112600336754745,High
150,19,162,0.8488682665429953,72.91813793867664,0,8,73.66698007587684,107,2,0,0.6814779246605294,0,0.9898347653666691,0.06868755222627254,0.42105263157894735,0.03736496842214609,Low
151,19,104,1.4295291442478255,89.39362380617494,0,36,75.2363810204395,116,4,1,0.7706346879842667,0,1.1881701723782985,-0.22144837732286593,1.894736842105263,0.6771201645576646,High
152,19,175,1.3306194077877291,33.543150884550016,4,19,73.85287074356015,98,2,0,0.3422770498423471,76,0.45418885612479626,-0.2245684911544999,1.0,0.20936616152985732,Low
153,4,105,1.4650269106665126,62.59589229144721,4,25,69.56221328789063,19,2,1,3.294520646918274,100,0.8998548110076291,0.4450065419620911,6.25,0.8532627899061722,High
154,4,38,0.6242972234855447,88.66162231910315,7,28,80.38896987006792,30,1,1,2.9553874106367717,196,1.1029078051678762,0.09714253898050518,7.0,0.8626721542346542,High
155,7,103,1.2308674752036444,22.545948393934918,6,0,93.01144432931588,55,2,1,0.40992633443518034,0,0.24239972356636932,-0.30852109858492266,0.0,0.7603597411997514,High
156,3,174,1.4383404568210378,72.30652004351299,2,34,71.18814153885917,112,0,1,0.6455939289599374,68,1.0157101798203756,0.07938703951558967,11.333333333333334,0.8603927808302809,High
157,3,36,0.6812330661656602,42.3011755529413,5,5,97.69548076408933,100,3,1,0.423011755529413,25,0.43299009557144497,-2.3547660222483646,1.6666666666666667,0.8031045495722914,High
158,4,170,0.5664962673667775,89.32971465323978,1,36,94.93346646895392,36,0,1,2.4813809625899936,36,0.9409717982062022,0.6815324406500448,9.0,0.696532691573133,High
159,14,166,1.241120649290059,92.82936838740258,3,4,66.47056845408439,75,4,1,1.2377249118320344,12,1.3965484355910986,0.4764864549583631,0.2857142857142857,0.8056127945122513,High
160,8,56,1.074473113179912,90.81998668350754,6,32,91.4510382702838,50,3,1,1.8163997336701507,192,0.9930995689200248,0.01534272397793246,4.0,0.7962852702852703,High
161,6,151,1.341828776758272,55.566066249309785,2,48,82.98349529271067,22,2,1,2.5257302840595357,96,0.6696038296929961,0.4099652982546873,8.0,0.7449612442296264,High
162,13,34,0.6397723766262895,84.65319882419851,4,13,82.66301448685674,18,4,1,4.702955490233251,52,1.0240758741947187,0.3171202235361028,1.0,0.8166180456798103,High
163,19,58,1.2952673118598903,83.34120489013029,7,11,75.64171052232697,45,3,1,1.8520267753362285,77,1.101789003905863,0.05754997993578559,0.5789473684210527,0.7203159012011952,High
164,8,112,0.7016273200477445,43.932535493244174,3,41,80.04611996728039,95,2,1,0.4624477420341492,123,0.548840287464302,-0.40888893078184396,5.125,0.9235082070707072,High
165,7,165,0.6636559428657045,82.16866056130081,4,19,75.88715109716844,115,0,1,0.7145100918373983,76,1.082774348138189,0.12471690864331109,2.7142857142857144,0.7525699785508607,High
166,4,138,0.6642657979309929,22.775572603661946,7,49,81.58930475039772,99,3,1,0.23005628892587823,343,0.2791489972042068,-0.48963557831120663,12.25,0.7053474679560204,High
167,8,94,1.314574720231382,64.72024088615399,3,23,85.11800211090544,67,2,0,0.9659737445694625,69,0.7603590225464414,-0.06556354858526858,2.875,0.11255239513700623,Low
168,13,115,1.1651972206962,37.25066279657773,1,42,86.97215225636194,63,0,1,0.5912803618504401,42,0.42830563381686204,-0.17531945899074441,3.230769230769231,0.8707619047619047,High
169,18,174,1.023065424769119,29.04251643329591,2,33,81.29924770237704,21,4,1,1.3829769730140908,66,0.35722982996860814,0.16973550916054525,1.8333333333333333,0.6231559279670618,Medium
170,18,100,0.8588304841235025,25.771490122190688,3,24,88.85688269314926,90,4,1,0.2863498902465632,72,0.2900336962212341,-0.6422850987780931,1.3333333333333333,0.3760162029503337,Medium
171,3,74,1.3772005408131085,72.22165819086048,5,49,65.65112197102023,87,4,0,0.8301340021937986,245,1.1000826188886859,-0.45345909376707083,16.333333333333332,0.3572232738022214,Medium
172,11,161,0.8924451074226354,45.49062228260496,6,28,68.47929963608954,23,4,1,1.9778531427219548,168,0.6642974230804016,0.31204907996890674,2.5454545454545454,0.947484471002853,High
173,8,65,1.316599439471577,74.35750786465711,0,38,92.7494001629708,43,1,1,1.7292443689455141,0,0.8017033828143671,0.08203661710810961,4.75,0.7127460872460872,High
174,18,99,0.9391349085702184,24.90172555992068,5,30,72.90111911385661,62,3,1,0.40164073483743035,150,0.3415822124901716,-0.37724537066341945,1.6666666666666667,0.9567684884559884,High
175,5,48,0.8769444294249076,43.64677533729578,5,46,60.91575299904481,29,3,1,1.5050612185274406,230,0.716510478627428,-0.16769891329370884,9.2,0.695483684272384,High
176,6,137,0.9626797856696064,60.46184692815029,6,42,66.15164598672125,84,1,1,0.7197838920017892,252,0.9139885489816371,-0.008520216849884021,7.0,0.7742594341932575,High
177,5,120,0.8013778741641421,79.30423736292227,0,49,68.94457737985245,25,2,1,3.172169494516891,0,1.150260693107058,0.5847090402958893,9.8,0.7970730599809548,High
178,9,119,1.2476093801762511,43.90643771990524,5,22,98.29291551578348,104,2,1,0.42217728576831964,110,0.4466897485898149,-0.4348852026328804,2.4444444444444446,0.9463009004884007,High
179,11,48,1.0027203900924793,66.94185323277569,3,43,82.92165715723397,79,4,1,0.8473652307946289,129,0.8072903452211794,-0.9764148010055764,3.909090909090909,0.8646386113886112,High
180,3,68,0.7322126951468173,86.44833111771403,3,37,97.3092296190502,65,0,1,1.3299743248879081,111,0.8883877866071408,-0.09139904176403613,12.333333333333334,0.7801875922280336,High
181,10,155,1.3995745732745686,66.18973911367284,3,19,83.006534019865,92,2,0,0.719453686018183,57,0.7974039621728142,0.06834900403995425,1.9,0.09628251905549563,Low
182,9,170,0.8838912213732114,37.47196060652253,0,22,79.17417760551407,110,0,1,0.340654187332023,0,0.4732851257796052,-0.2723392174641865,2.4444444444444446,0.34633839006934863,Low
183,10,155,1.0435528611139886,21.830058616740352,5,44,72.54910764776385,67,3,1,0.32582177039910976,220,0.3009004428107974,-0.2139574783487255,4.4,0.9405861528822057,High
184,3,87,1.4064721109645468,85.25741554256975,7,15,84.25483777733503,13,0,1,6.558262734043827,105,1.0118993495410233,0.7031488680693756,5.0,0.7335752025752026,High
185,13,177,1.124237995913992,21.595205813779035,0,49,65.56792098470119,13,3,1,1.6611696779830027,0,0.32935626888059777,0.14250573045417453,3.769230769230769,0.9156703990453992,High
186,12,90,0.6168980407083641,85.60262545131495,3,41,95.93046509170824,29,1,1,2.9518146707349984,123,0.8923403568353389,0.5338040322909272,3.4166666666666665,0.7757697882183174,High
187,5,156,1.439832123613475,59.670285052040896,6,7,93.17329620565135,19,1,0,3.1405413185284683,42,0.6404226047808497,0.47490797872553714,1.4,0.4122828988821637,Medium
188,9,134,1.127708053071418,90.4300773884672,5,49,72.70125791506948,33,4,1,2.740305375408097,245,1.2438584968379605,0.6580321171682542,5.444444444444445,0.6264970857745622,Medium
189,18,30,0.8349056146570861,79.90874268302491,5,20,98.11190110405178,108,2,1,0.739895765583564,100,0.8144653378826932,-2.800912573169751,1.1111111111111112,0.8813893814518816,High
190,18,160,0.6392720726633873,94.84505829000032,4,0,93.00803069662273,35,4,1,2.7098588082857233,0,1.019751279320919,0.7297005829000033,0.0,0.7825900904650903,High
191,19,121,1.294025189270296,46.30338615887826,4,7,86.65227543340158,46,3,0,1.0065953512799621,28,0.5343585719738623,0.08286857233258427,0.3684210526315789,0.120111709179724,Low
192,4,142,1.1200727559285135,77.53912166983451,1,28,64.870476445011,111,4,1,0.6985506456741848,28,1.195291385528244,-0.006298924146725282,7.0,0.8108265646390646,High
193,3,85,1.0334610919763216,50.14481852069317,7,31,79.1293609219229,94,0,1,0.5334555161775869,217,0.6337068559187679,-0.6044341677342449,10.333333333333334,0.8246457431457433,High
194,18,146,1.3938925830509576,55.99067152279317,7,37,80.24430219387003,63,3,1,0.8887408178221138,259,0.6977526128586657,0.12839986591286318,2.0555555555555554,0.7450830264506736,High
195,14,163,1.2885972112245307,67.06290974137775,2,4,69.3020543346152,113,1,1,0.5934770773573252,8,0.9676900690068139,-0.022622436328553763,0.2857142857142857,0.8113238358863358,High
196,7,87,0.6516748797327512,85.52578356397541,7,46,63.19861577437208,112,2,1,0.7636230675354947,322,1.3532857091255677,-0.43209848619932634,6.571428571428571,0.5776961412125887,Medium
197,7,73,0.8117220677955482,93.80626018994714,4,21,91.06894521886773,30,3,0,3.1268753396649047,84,1.0300576114558126,0.5271036977898824,3.0,0.15813560258684092,Low
198,11,90,0.7484891398144657,77.62050603983886,0,46,64.8814020849758,83,3,1,0.9351868197570947,0,1.1963444615173162,-0.14601716182383373,4.181818181818182,0.9123785600364549,High
199,11,76,1.243946292572677,51.33250866255003,7,33,83.77163002247099,47,0,1,1.092181035373405,231,0.6127672178371192,-0.10509596600607862,3.0,0.9177166305916304,High
200,5,178,0.5335324347357794,51.601775170780265,4,0,97.45796695534642,55,2,1,0.9382140940141867,0,0.5294772380632906,0.20702898766285882,0.0,0.8038719683094684,High
201,18,109,1.0698896848713164,75.31867261916686,1,25,95.0442077039217,13,1,0,5.79374404762822,25,0.7924593664223798,0.633920671145797,1.3888888888888888,0.07144584647809517,Low
202,18,147,1.2624586857406903,37.90828593262268,5,42,71.11010494997045,69,3,1,0.5493954482988794,210,0.5330928137329157,-0.09030489577581402,2.3333333333333335,0.9263888888888888,High
203,5,176,1.3767656367617491,28.2855584848546,7,9,94.0579455020506,66,3,1,0.42856906795234245,63,0.3007248173865113,-0.092144415151454,1.8,0.6670634482619778,High
204,3,49,0.8420817487159075,46.59666182305824,1,29,60.013300244819575,54,0,1,0.8629011448714489,29,0.7764389165896692,-0.6360741980959481,9.666666666666666,0.7931816516816517,High
205,13,175,1.3212573046720129,41.54292437405613,5,49,60.70751238453029,29,4,1,1.4325146335881422,245,0.6843127438811386,0.24971495802627558,3.769230769230769,0.62318501684504,Medium
206,19,76,0.6106317369552072,42.22310903419925,6,17,84.1021265537146,26,1,1,1.6239657320845864,102,0.5020456766599364,0.08012582718409772,0.8947368421052632,0.9285713661338661,High
207,10,78,1.346452291734518,37.52058132874325,6,16,74.59192876578118,80,2,1,0.4690072666092906,96,0.5030112768173345,-0.650435212353593,1.6,0.9333799603174602,High
208,6,43,0.6274886623319824,23.15698922272714,5,25,75.45843364636589,13,3,1,1.781306863286703,125,0.3068840433562643,-0.0707556891680774,4.166666666666667,0.917582459207459,High
209,8,172,0.8972872905603673,21.34054510500604,7,7,82.5776436271553,102,3,1,0.2092210304412357,49,0.25843005646129014,-0.3796178047638932,0.875,0.8201148687913397,High
210,10,30,1.2972953657795536,94.07917923020236,2,46,67.67129822367443,23,1,1,4.09039909696532,92,1.3902375408735588,0.17412512563535687,4.6,0.8381110660924901,High
211,5,146,0.6499174273487738,52.08298503018968,4,39,68.47021402661913,12,4,1,4.340248752515807,156,0.7606663097320158,0.4386380694799791,7.8,0.8481386570945396,High
212,18,83,0.7292513952326415,48.82449853697612,0,48,79.38406348075459,97,3,1,0.5033453457420218,0,0.615041563711498,-0.6804297134254196,2.6666666666666665,0.8505044469419469,High
213,5,147,1.2222525683930665,70.97354620198024,0,11,90.17014177375452,110,1,0,0.6452140563816385,0,0.7871069603068789,-0.03856385770808879,2.2,0.06104495710930236,Low
214,16,32,1.2200365365460744,36.36904158987981,3,26,84.7799100563035,89,0,0,0.40864091674022257,78,0.42898183739197915,-2.417559584101202,1.625,0.3239360788291015,Low
215,4,173,1.1411476328852972,91.2470887962669,5,7,71.89420192947355,67,4,0,1.361896847705476,35,1.2691856415038594,0.5251876509684493,1.75,0.30521852096281693,Low
216,5,41,1.1939484444671,78.9758760811664,0,24,77.21348710035684,64,2,0,1.233998063768225,0,1.0228248852239885,-0.7712168489444335,4.8,0.1027583412288368,Low
217,18,103,1.0427244433475962,26.705825173419463,7,45,66.82659034199993,13,3,1,2.0542942441091894,315,0.3996287261813967,0.1408446595011849,2.5,0.7403074099747858,High
218,11,45,0.7517990589069528,51.31855818386963,2,3,62.98519257348327,33,1,1,1.555107823753625,6,0.8147717913856901,-0.22014775149463706,0.2727272727272727,0.7853952228327229,High
219,6,131,0.8456959935039194,85.93387306716235,5,32,91.30784162976596,43,0,1,1.9984621643526128,160,0.9411445012095028,0.5310944558624632,5.333333333333333,0.7722797084451497,High
220,3,146,0.6815977168014257,90.85490167185576,2,0,70.61549636752778,39,2,1,2.329612863380917,0,1.286614218485264,0.6414257290473246,0.0,0.7838092879342882,High
221,6,37,1.4084505613336282,55.05511334374023,7,18,67.11065551404992,91,1,1,0.605001245535607,126,0.8203632183597759,-1.9089083260220572,3.0,0.8853540417915415,High
222,3,151,1.0833917947661205,66.00585419080308,0,30,87.66472222277278,28,1,0,2.3573519353858243,0,0.7529351889471527,0.47462807833187187,10.0,0.11461750998766913,Low
223,16,121,0.90085141676364,32.52754595690564,0,15,84.72206697148744,40,2,0,0.813188648922641,0,0.38393239352685454,-0.005303052827637822,0.9375,0.04655884483509369,Low
224,18,119,0.9620058036441328,94.33764696027325,3,13,85.32758504053857,69,0,0,1.3672122747865687,39,1.1055937762149728,0.3635445368296232,0.7222222222222222,0.06393624103511293,Low
225,10,165,1.4472833396118152,37.37537760375825,0,47,69.15578419386455,69,0,1,0.5416721391849022,0,0.5404519381774889,-0.044428042144235624,4.7,0.9672548701298703,High
226,9,89,0.6533514031160802,90.70488306013442,5,4,69.30582154250723,28,4,1,3.239460109290515,20,1.308762828884476,0.5924420890283105,0.4444444444444444,0.7458931277056281,High
227,5,57,1.0862298320167971,68.72349867442763,7,40,68.83210519142557,58,3,1,1.1848879081797867,280,0.998422153198774,-0.33030887290484656,8.0,0.6938471797810033,High
228,19,130,1.005888678884466,65.58025961591443,6,25,66.95010382649178,72,2,1,0.9108369391099226,150,0.9795393265688213,0.10195644231299039,1.3157894736842106,0.951582591020091,High
229,3,70,1.111454235434648,58.45163832623815,7,27,86.22894690246625,119,2,1,0.4911902380356147,189,0.6778656173587847,-1.1154836167376185,9.0,0.822519647019647,High
230,18,174,0.5181101838208405,37.3002358788319,5,1,93.92063540997606,92,2,1,0.4054373465090424,5,0.3971463322837565,-0.15573327339558907,0.05555555555555555,0.85987321012321,High
231,14,170,1.3721239089441517,33.23960240041312,5,49,88.97269878706645,31,0,1,1.072245238723004,245,0.3735932803383166,0.15004308282766063,3.5,0.7377703567502328,High
232,16,75,1.4321182824836125,36.53646568026315,3,5,91.68374535042172,33,3,0,1.1071656266746408,15,0.3985053789046053,-0.07463534319736853,0.3125,0.10883294217366074,Low
233,8,64,1.065133183589209,33.98286966081909,3,8,76.191937163408,118,4,1,0.2879904208543991,24,0.44601661180941504,-1.503921303391809,1.0,0.30586056948874885,Low
234,8,163,1.1966508238768925,78.4688355175065,0,32,86.16303181487993,85,1,1,0.9231627707941942,0,0.9107018853061682,0.2632159625370283,4.0,0.4454085892146247,Medium
235,15,111,1.4224993811772957,46.25939443750475,1,40,74.16944961779097,39,1,1,1.1861383189103782,40,0.6236987691817595,0.11124259302369616,2.6666666666666665,0.8226602564102565,High
236,10,144,1.2072386343133985,24.338200742254728,7,24,81.0201848787456,67,2,1,0.3632567274963392,168,0.3003967564216147,-0.2218957703552305,2.4,0.9739711399711397,High
237,4,76,0.6525390429142613,92.68269726056084,7,47,79.2653938613945,111,3,1,0.8349792545996473,329,1.169270633066281,-0.5336993431838652,11.75,0.619736565249336,Medium
238,3,39,1.0762883601668132,86.28394137225693,1,12,67.07548580575417,40,0,1,2.1570985343064235,12,1.286370725992639,-0.1628016119184562,4.0,0.8116432847123639,High
239,17,85,1.106715046382856,89.58142123964097,3,8,75.48315041342524,109,3,0,0.8218479012811098,24,1.1867737468428219,-0.3865387287800609,0.47058823529411764,0.059666140248791626,Low
240,3,59,0.924130671302386,94.61808669848264,0,12,98.55289101929404,73,3,0,1.296138173951817,0,0.9600741867629122,-0.291107268608394,4.0,0.10124209466319192,Low
241,7,138,1.236444235624723,33.04214369146155,1,30,69.94321030859768,28,0,1,1.180076560409341,30,0.47241388471698276,0.12752288618997776,4.285714285714286,0.8112077434018222,High
242,18,34,1.4343670147690148,49.7181514176994,0,40,65.35214945117954,57,2,1,0.8722482704859544,0,0.7607730095372103,-1.1792890740583002,2.2222222222222223,0.8794304653679655,High
243,6,148,1.4255685129067763,76.86788567780684,0,10,76.74322486495741,54,3,0,1.4234793644038304,0,1.0016243885120646,0.4038139919132035,1.6666666666666667,0.11021747260356594,Low
244,5,62,0.950839371404132,72.20154635403442,0,3,91.61350943440593,109,1,0,0.6623995078351782,0,0.7881102557885284,-1.036049052588688,0.6,0.041747960527753473,Low
245,19,147,0.6132380458407553,31.54219297548913,4,33,83.28592919119889,103,0,1,0.306234883257176,132,0.3787217514626985,-0.38525834235395223,1.736842105263158,0.9473620407370408,High
246,19,94,1.4848411989623345,81.18748437429633,5,37,87.23899308952979,64,4,0,1.2685544433483802,185,0.9306329830168599,0.13102377991317615,1.9473684210526316,0.4982277958969136,Medium
247,14,175,1.338898086445934,36.83304288774955,0,45,67.58779392698709,64,2,1,0.5755162951210867,0,0.5449658991317144,0.0026161431632097942,3.2142857142857144,0.9722976190476191,High
248,16,40,0.6246626812032668,36.78632111169673,4,3,84.75792772030886,106,0,1,0.34704076520468613,12,0.43401628733877545,-2.2821367888830326,0.1875,0.8331481157731155,High
249,8,114,1.4208418826173723,60.273081717006015,3,37,72.94001579645895,27,4,1,2.2323363598891115,111,0.8263376564820009,0.3658887119069023,4.625,0.8102529308926367,High
250,5,55,1.3698963620621285,64.47049511312774,1,18,93.3721346381907,72,4,1,0.8954235432378853,18,0.6904682576118194,-0.6643859579596317,3.6,0.19930760735816258,Low
251,11,92,1.018838057126072,63.50646558783584,5,5,85.17195224042945,101,3,1,0.6287768870082756,25,0.7456265110439793,-0.46276143107816337,0.45454545454545453,0.6937561419793924,High
252,7,115,1.0912754357449292,26.861512804831616,6,33,67.95425111101184,56,3,1,0.4796698715148503,198,0.3952881882393192,-0.2183413936908143,4.714285714285714,0.9519433621933622,High
253,19,88,0.8990027038701303,85.80956469727853,1,17,62.58466719376344,84,3,0,1.0215424368723636,17,1.3710956460247736,-0.0964498075726693,0.8947368421052632,0.7609660869101659,High
254,16,56,0.5547616388220313,39.92000319415296,5,12,61.70532837148131,66,0,0,0.6048485332447419,60,0.646945802699966,-0.779371396629899,0.75,0.5343706971133443,Medium
255,5,127,0.8351972416459009,29.713619096210312,6,40,74.85634270600563,54,0,1,0.5502522054853761,240,0.39694190261083145,-0.12806065943159767,8.0,0.855402861027861,High
256,3,134,1.3028534485980114,86.65610599017329,1,22,70.63404546617254,42,2,1,2.0632406188136496,22,1.2268319819183215,0.5531282240808373,7.333333333333333,0.7819133366633367,High
257,3,128,0.5046320230046029,91.67386236723152,5,18,85.84360493850032,26,3,1,3.5259177833550583,90,1.067917201670504,0.7136136236723152,6.0,0.7199345515595514,High
258,5,158,0.8334991716911442,84.6595712949088,1,44,79.97335339914473,79,4,1,1.0716401429735292,44,1.0585972414133404,0.346595712949088,8.8,0.6151680713077772,Medium
259,12,178,0.8981686935909433,80.71370560436586,1,10,70.64077112021523,13,1,1,6.20874658495122,10,1.1425937786976967,0.7341033481784901,0.8333333333333334,0.791127612884192,High
260,5,84,1.0373956029379228,69.14314854792663,6,0,65.96951111800705,29,2,1,2.384246501652642,0,1.048107639061362,0.346193390241171,0.0,0.6947964743589745,High
261,10,35,1.4198556164127605,61.31430279568545,1,23,65.08799050749798,56,0,1,1.0948982642086686,23,0.9420217511342924,-0.9868569720431456,2.3,0.8514506044963847,High
262,16,124,0.8463459943659613,26.52400699335576,1,6,94.58641568561671,100,2,0,0.2652400699335576,6,0.2804208913203287,-0.5412115429696682,0.375,0.22183189823534952,Low
263,17,162,0.8469532018962277,50.6339909803024,6,24,69.73911873619468,24,2,1,2.109749624179267,144,0.7260486208871937,0.3581917616548759,1.411764705882353,0.947215451215451,High
264,4,131,1.2375012481097485,47.95163877592355,3,20,86.06842591643874,79,2,0,0.606982769315488,60,0.5571339113658051,-0.12353704735526833,5.0,0.18914771605855438,Low
265,12,32,0.9522179408898072,39.48153378202447,0,14,92.42743711945064,56,2,0,0.7050273889647227,0,0.4271624856480618,-1.3551846621797554,1.1666666666666667,0.08670804057081379,Low
266,4,52,0.724604822939982,74.25650852664387,7,0,84.56325244738944,87,1,1,0.8535230865131479,0,0.8781179339434957,-0.9305118378104844,0.0,0.6971208999334,High
267,19,82,0.9524395161326934,57.19068013090781,2,11,94.38260926587785,84,3,0,0.6808414301298549,22,0.6059451055204506,-0.45248344259336093,0.5789473684210527,0.05484252070149254,Low
268,10,112,0.6408570203797999,26.078466193073595,4,6,75.69574886113898,112,4,1,0.23284344815244282,24,0.34451691918542965,-0.7392153380692641,0.6,0.8342451506826505,High
269,3,174,0.6763869865062233,36.51374014623585,2,14,98.24888762595792,18,2,1,2.028541119235325,28,0.3716453288025696,0.2616891256002895,4.666666666666667,0.7572413018096453,High
270,11,114,0.9983677727394796,71.2444072744697,2,20,65.32580016712387,99,2,1,0.7196404775198959,40,1.0906013717735439,-0.15597697988688208,1.8181818181818181,0.8299627482622048,High
271,13,107,0.918925449504548,25.709814461772517,5,18,64.08598118630152,25,2,1,1.0283925784709007,90,0.401176887454257,0.023453284804641067,1.3846153846153846,0.8153773224324695,High
272,18,139,1.4148459010681,83.84051855365766,0,28,86.34768584829774,78,3,0,1.074878442995611,0,0.9709642792391117,0.277254106399886,1.5555555555555556,0.09056023970906521,Low
273,9,30,0.8623938991166331,57.13598952604807,5,24,97.71324565653046,70,0,1,0.8162284218006868,120,0.5847312628104223,-1.761973438072853,2.6666666666666665,0.9356204351204351,High
274,12,80,1.0805883502780436,56.0439932994986,0,32,92.35533846545312,19,0,0,2.9496838578683473,0,0.6068300352822884,0.3229399329949861,2.6666666666666665,0.31672535310126676,Low
275,5,33,1.1322642879195304,64.43058384946383,6,48,63.05667437752206,59,1,0,1.0920437940587089,288,1.0217884860802544,-1.1435729493841496,9.6,0.3629349485653667,Medium
276,15,142,0.5130944565883336,81.85107244438619,6,31,71.17470855738866,12,0,1,6.820922703698849,186,1.1500022143173105,0.7340036821903407,2.066666666666667,0.7984886641136639,High
277,9,61,1.1635373720167106,46.08569059266448,7,48,97.21275539351296,86,2,1,0.5358801231705171,336,0.47407040779897275,-0.9489791596471258,5.333333333333333,0.7611442467491228,High
278,6,63,0.6780359668697514,70.85121144192976,0,34,70.12233731203138,116,2,1,0.6107863055338772,0,1.0103943216646507,-1.1327577268505435,5.666666666666667,0.8931825396825396,High
279,15,121,1.461070317469455,62.42989729968433,1,43,91.24681695147676,103,2,1,0.6061155077639255,43,0.6841871243890436,-0.22694069642464443,2.8666666666666667,0.820420249195249,High
280,3,124,0.648662727753113,40.0271202627066,3,37,93.00528783714816,118,1,1,0.3392128835822594,111,0.4303746721669623,-0.5513417005987404,12.333333333333334,0.8763702478077481,High
281,10,101,0.9146241237270236,85.89724897663685,7,25,79.81808413843927,79,2,1,1.0873069490713525,175,1.0761627506324714,0.07679427194458621,2.5,0.9219365079365082,High
282,16,68,0.5853496680786439,79.80695162051961,7,10,75.45395639393261,90,0,1,0.8867439068946623,70,1.0576907485653997,-0.5254598955595097,0.625,0.870464552114552,High
283,18,147,1.4968742518459472,69.38388759938192,1,34,78.00497729679039,118,3,1,0.5879990474523892,34,0.8894802614375841,-0.10888221244155494,1.8888888888888888,0.7496586853487954,High
284,16,32,1.0021950103312425,83.79362968206814,3,7,69.07858777461456,60,3,1,1.3965604947011356,21,1.2130188583974086,-1.0370637031793186,0.4375,0.7594866533890127,High
285,14,152,1.095385017320044,85.04706507198517,5,45,95.57563664515376,28,4,1,3.0373951811423274,225,0.8898404243723921,0.6662601244040622,3.2142857142857144,0.739808766053348,High
286,17,79,0.5670764773884275,73.12722325362762,3,13,78.02478626919032,51,0,1,1.4338671226201494,39,0.9372306769458387,0.0857026122831116,0.7647058823529411,0.840804380297122,High
287,4,41,1.2499604703991778,82.77599962727541,5,9,95.298377618244,44,2,1,1.881272718801714,45,0.8685982038316328,-0.24541073543456304,2.25,0.5415152052721652,Medium
288,4,83,0.7099055930955858,72.31035962519627,6,1,64.22773919625097,55,3,0,1.314733811367205,6,1.1258431408312297,0.060452993842324165,0.25,0.48238688925453616,Medium
289,19,162,1.3980542894407135,71.01055788202254,2,45,99.53101084000524,35,0,1,2.0288730823435013,90,0.7134515894364929,0.49405619610417606,2.3684210526315788,0.6500158485305544,High
290,12,86,0.7051396404820072,66.39585336613882,6,8,77.73092349774473,78,3,1,0.851228889309472,48,0.8541755375911007,-0.24301821052465822,0.6666666666666666,0.8730104147767942,High
291,8,174,0.6906877206636666,76.4537479668231,6,2,61.91323281576422,102,2,1,0.7495465486943441,12,1.234853107966874,0.17833058311650696,0.25,0.684654156709304,High
292,17,141,0.5365496678480949,31.89538289698053,2,20,61.520873929498194,73,3,1,0.4369230533832949,40,0.5184481438532889,-0.1987766674840954,1.1764705882352942,0.8065952519702523,High
293,13,76,0.9720669451099992,86.06530693991964,3,25,89.84829029927354,46,4,1,1.8709849334765138,75,0.957895878188074,0.25538991150445955,1.9230769230769231,0.28251175301879644,Low
294,7,114,1.0648411332626164,85.3882645808924,7,7,86.36142136814723,93,4,1,0.9181533825902408,49,0.9887315797744181,0.038093172124713415,1.0,0.6984190776543718,High
295,3,171,0.5657086394283524,22.193546227591938,3,47,92.0852223251035,58,3,1,0.3826473487515851,141,0.24101094255100386,-0.11724582427378821,15.666666666666666,0.8317937132312133,High
296,10,95,1.2755276166950105,81.9362562923572,5,1,64.21470135811224,30,0,1,2.7312085430785733,5,1.2759734851901823,0.5035730892393615,0.1,0.7202623124424599,High
297,14,104,0.9532888347480276,29.66524006050839,1,5,61.42283468142193,83,0,1,0.35741253084949864,5,0.48296761643078306,-0.5014245224718392,0.35714285714285715,0.7258942119971533,High
298,14,132,1.02439026932758,45.13391406943565,5,27,80.34317157790314,73,0,1,0.6182727954717212,135,0.5617641572149347,-0.1016911623359465,1.9285714285714286,0.9618737108479755,High
299,7,67,0.940762746938228,75.76311922187058,1,28,75.50380925931078,14,3,0,5.411651372990756,28,1.003434395762328,0.5486759683381088,4.0,0.07882238300305845,Low
300,9,79,0.900763060875326,32.05699220362312,6,25,78.47787746683824,109,0,1,0.29410084590479924,150,0.4084844447681346,-1.0591769134068068,2.7777777777777777,0.950085497835498,High
